Sony LYT-900 (IMX06A),5000,1.6,No
Sony LYT-T808 (IMX888),5200,1.12,No
Sony LYT-818 (IMX06C),5000,1.22,Unknown
Sony LYT-808 (IMX966),5000,1.12,Yes
Sony LYT-702 (IMX921),5000,1,Unknown
Sony LYT-701 (IMX890),5000,1,Yes
Sony LYT-700C (IMX896),5000,1,Unknown
Sony LYT-700 (IMX906),5000,1,Unknown
Sony LYT-600 (IMX882),5000,0.8,Yes
Sony LYT-500 (IMX816),5000,0.6,No
Sony IMX989,5000,1.6,No
Sony IMX972,4800,0.7,Yes
Sony IMX920,5000,1,Unknown
Sony IMX913,1200,1.12,No
Sony IMX904,4800,1,Yes
Sony IMX903,4800,1.22,Yes
Sony IMX866,5400,1,Unknown
Sony IMX858,5000,0.7,Yes
Sony IMX809,3200,0.8,Unknown
Sony IMX803,4800,1.22,Yes
Sony IMX800,5400,1,Yes
Sony IMX789,5200,1.12,Yes
Sony IMX787,6400,0.7,Unknown
Sony IMX772,1220,1,No
Sony IMX766,5000,1,Yes
Sony IMX758,5000,0.7,Unknown
Sony IMX754,1000,1.12,No
Sony IMX714,1200,1,No
Sony IMX713,1220,1,No
Sony IMX709 (LYT-506),3200,0.8,Yes
Sony IMX707,5000,1.22,Yes
Sony IMX703,1200,1.9,No
Sony IMX700,5000,1.22,Yes
Sony IMX689,5200,1.12,Yes
Sony IMX686,6400,0.8,Unknown
Sony IMX682,6400,0.8,Unknown
Sony IMX663,1200,1.22,No
Sony IMX633,1200,1.4,No
Sony IMX616,3200,0.8,Yes
Sony IMX615,3200,0.8,Yes
Sony IMX613,1220,1,No
Sony IMX608,4000,1.12,No (16-in-1)
Sony IMX603,1200,1.7,No
Sony IMX600y,4000,1.01,Yes
Sony IMX600,4000,1.01,Yes
Sony IMX598,4800,0.8,Yes
Sony IMX596,2000,0.8,No
Sony IMX586,4800,0.8,Yes
Sony IMX582,4800,0.8,Yes
Sony IMX581,4800,0.8,Yes
Sony IMX563,1200,1.4,No
Sony IMX557,1220,1.8,No
Sony IMX555,1220,1.8,No
Sony IMX519,1600,1.22,No
Sony IMX503,1200,1.4,No
Sony IMX501,1230,1.55,No
Sony IMX500,1230,1.55,No
Sony IMX486,1200,1.25,No
Sony IMX481,1600,1,No
Sony IMX445,1200,1.4,No
Sony IMX403,1200,1.4,No
Sony IMX400,2120,1.22,No
Sony IMX398,1600,1.12,No
Sony IMX386,1200,1.25,No
Sony IMX380,1230,1.55,No
Sony IMX378,1230,1.55,No
Sony IMX377,1220,1.55,No
Sony IMX376K,2000,1,No
Sony IMX372,1220,1,No
Sony IMX363,1220,1.4,No
Sony IMX362,1220,1.4,No
Sony IMX355,800,1.12,No
Sony IMX350,2000,1.0,No
Sony IMX345,1220,1.4,No
Sony IMX333,1220,1.4,No
Sony IMX298,1600,1.12,No
Sony IMX286,1200,1.25,No
Sony IMX278,1300,1.12,Yes
Sony IMX260,1220,1.4,No
Sony IMX258,1300,1.12,No
Sony IMX240,1600,1.22,No
Sony IMX234,1600,1.22,No
Sony IMX230,2100,1.12,No
Sony IMX220,2070,1.2,No
Sony IMX214,1351,1.12,No
Sony IMX145,800,1.4,No
Sony IMX135,1342,1.12,No
ソニータイプ1 Exmor RSセンサー (Xperia PRO-I搭載センサー相当),2010,2.4,No
OmniVision OV64C,6400,0.8,Yes
OmniVision OV64B,6400,0.7,Yes
OmniVision OV64A,6400,1,Yes
OmniVision OV60A,6000,0.612,Yes
OmniVision OV50X,5000,1.6,Yes
OmniVision OV50M40,5000,0.61,Yes
OmniVision OV50K (H9800),5000,1.2,Yes
OmniVision OV50H,5000,1.2,Yes
OmniVision OV50E (LightHunter 800),5000,1,Yes
OmniVision OV50D (LightHunter 400),5000,0.61,Yes
OmniVision OV50A,5000,1,Yes
OmniVision OV48C,4800,1.2,Yes
OmniVision OV48B,4800,0.8,Unknown
OmniVision OV40A,4000,1,Unknown
OmniVision OV32C,3200,0.7,Yes
OmniVision OV32B,3200,0.7,Yes
OmniVision OV20B,2000,0.7,No
OmniVision OV16A1Q,1600,1.12,No
OmniVision OV13B10,1300,1.12,No
OmniVision OV8856,800,1.12,No
OmniVision OV08D10,800,1,No
OmniVision OV08B,800,1.12,No
OmniVision OV08A10,800,1,No
OmniVision OVB0B,20000,0.612,Yes
OmniVision OVB0A,20000,0.56,No (16-cell)
OmniVision OVA0B (2023),10000,0.612,Yes
Samsung HP9 (S5KHP9),20000,0.56,No (16-cell)
Samsung HPX (S5KHPX),20000,0.56,Yes
Samsung HP3 (S5KHP3),20000,0.56,No (16-cell)
Samsung HP2 (S5KHP2),20000,0.6,Yes
Samsung HP1 (S5KHP1),20000,0.64,Yes
Samsung HM6 (S5KHM6),10800,0.64,No (Nona)
Samsung HM3 (S5KHM3),10800,0.8,No (Nona)
Samsung HM2 (S5KHM2),10800,0.7,No (Nona)
Samsung HM1 (S5KHM1),10800,0.8,No (Nona)
Samsung HMX (S5KHMX),10800,0.8,Yes
Samsung GW3 (S5KGW3),6400,0.7,Yes
Samsung GW2 (S5KGW2),6400,0.8,Yes
Samsung GW1 (S5KGW1),6400,0.8,Yes
Samsung GNK,5000,1.2,Unknown
Samsung GNJ,5000,1,Yes
Samsung GN9,5000,1,Unknown
Samsung GN8,5000,0.8,Yes
Samsung GN5 (S5KGN5),5000,1,Yes
Samsung GN2 (S5KGN2),5000,1.4,Yes
Samsung GNH (S5KGN2),5000,1.4,Yes
Samsung GN1 (S5KGN1),5000,1.2,Yes
Samsung GNV (S5KGN1 VIVOカスタム),5000,1.2,Yes
Samsung GM5 (S5KGM5),4800,0.7,Yes
Samsung GM2 (S5KGM2),4800,0.8,Yes
Samsung GM1 (S5KGM1),4800,0.8,Yes
Samsung JN5,5000,0.64,Yes
Samsung JN1 (S5KJN1),5000,0.64,Yes
Samsung JD1 (S5KJD1),3200,0.7,Yes
Samsung GH1 (S5KGH1),4400,0.7,Yes
Samsung GD1,3200,0.8,Unknown
Samsung KD1,3200,0.64,Yes
Samsung S5K4H7,800,1.12,No
Samsung S5K3P9,1600,1,No
Samsung S5K3M5,1300,1,No
Samsung S5K3L6 (ISOCELL 3L6),1300,1.12,No
Samsung S5K2L9,1220,1.4,No
Samsung S5K2L7,1220,1.4,No
Samsung S5K2L4,1220,1.4,No
Samsung S5K2L3,1220,1.4,No
Samsung S5K2L2,1220,1.4,No
Samsung S5K2L1,1220,1.4,No
GalaxyCore GC50E0,5000,0.7,No
GalaxyCore GC50B2,5000,1,No
GalaxyCore GC32E1,3200,0.7,Unknown
SmartSens SC585XS,5000,1.22,Yes
SmartSens SC580XS,5000,1.22,Yes
SmartSens SC550XS,5000,1,Yes
Toshiba CK26V1 (Nokia Lumia 1020),4130,1.12,No
東芝HES9 (Nokia 808 PureView),4130,1.4,No
